customerID,tenure,MonthlyCharges,TotalCharges,Contract,InternetService,PaymentMethod,Churn
CUST00000,52,21.79,1103.99,One year,Fiber optic,Bank transfer,No
CUST00001,15,118.77,1722.86,One year,No,Mailed check,No
CUST00002,61,62.78,3819.68,One year,No,Credit card,No
CUST00003,21,58.43,1330.43,Two year,Fiber optic,Credit card,No
CUST00004,24,87.96,2019.46,Two year,DSL,Bank transfer,No
CUST00005,3,41.83,72.92,Month-to-month,DSL,Credit card,Yes
CUST00006,22,115.0,2604.87,Month-to-month,Fiber optic,Credit card,Yes
CUST00007,53,98.63,5320.28,Two year,DSL,Credit card,No
CUST00008,2,28.94,52.71,One year,No,Mailed check,No
CUST00009,30,61.76,1790.85,One year,No,Credit card,No
CUST00010,38,107.91,4205.37,One year,Fiber optic,Electronic check,No
CUST00011,2,114.47,308.66,Month-to-month,DSL,Mailed check,Yes
CUST00012,64,66.74,4305.31,One year,DSL,Credit card,No
CUST00013,60,81.34,4839.78,Month-to-month,No,Credit card,Yes
CUST00014,21,36.7,768.25,Month-to-month,Fiber optic,Electronic check,Yes
CUST00015,33,119.12,3922.94,One year,DSL,Mailed check,No
CUST00016,58,43.17,2520.4,One year,Fiber optic,Bank transfer,No
CUST00017,22,114.27,2586.49,Two year,DSL,Bank transfer,No
CUST00018,49,84.96,4207.01,Two year,No,Mailed check,No
CUST00019,59,80.77,4711.56,One year,No,Credit card,No
CUST00020,42,71.27,3062.16,Month-to-month,Fiber optic,Credit card,Yes
CUST00021,60,43.07,2599.86,Month-to-month,No,Bank transfer,No
CUST00022,15,37.65,599.1,Month-to-month,DSL,Bank transfer,No
CUST00023,62,42.05,2680.43,Month-to-month,No,Bank transfer,No
CUST00024,62,38.64,2340.1,Month-to-month,Fiber optic,Electronic check,Yes
CUST00025,47,97.96,4602.33,Two year,Fiber optic,Bank transfer,No
CUST00026,62,55.01,3384.05,One year,Fiber optic,Electronic check,No
CUST00027,51,25.78,1236.39,Two year,DSL,Mailed check,No
CUST00028,55,116.91,6447.39,Month-to-month,DSL,Credit card,Yes
CUST00029,64,108.38,7061.9,Month-to-month,DSL,Bank transfer,Yes
CUST00030,3,112.78,246.34,Month-to-month,DSL,Credit card,Yes
CUST00031,51,119.49,6092.38,Month-to-month,DSL,Credit card,Yes
CUST00032,7,37.39,293.76,One year,No,Bank transfer,No
CUST00033,21,59.62,1258.17,Month-to-month,DSL,Bank transfer,No
CUST00034,39,95.82,3731.32,One year,DSL,Mailed check,No
CUST00035,18,89.6,1547.84,Month-to-month,No,Electronic check,Yes
CUST00036,4,35.39,153.2,One year,DSL,Electronic check,No
CUST00037,60,101.58,6056.96,Two year,Fiber optic,Credit card,No
CUST00038,14,42.44,484.66,Month-to-month,DSL,Bank transfer,No
CUST00039,9,42.38,441.15,One year,DSL,Mailed check,No
CUST00040,53,73.7,3954.02,Two year,Fiber optic,Mailed check,No
CUST00041,2,79.29,161.16,Month-to-month,Fiber optic,Mailed check,Yes
CUST00042,60,78.01,4692.05,Month-to-month,Fiber optic,Mailed check,Yes
CUST00043,71,29.15,2123.37,Month-to-month,Fiber optic,Mailed check,Yes
CUST00044,44,107.75,4752.22,One year,DSL,Electronic check,No
CUST00045,8,46.56,417.68,One year,Fiber optic,Electronic check,Yes
CUST00046,47,32.95,1533.78,Two year,Fiber optic,Electronic check,No
CUST00047,35,108.87,3876.05,One year,No,Bank transfer,No
CUST00048,36,115.57,4176.56,One year,Fiber optic,Credit card,No
CUST00049,50,106.21,5320.2,Month-to-month,Fiber optic,Mailed check,Yes
CUST00050,4,100.95,340.3,Month-to-month,No,Bank transfer,Yes
CUST00051,2,85.52,185.39,Month-to-month,No,Mailed check,Yes
CUST00052,6,75.09,408.94,Month-to-month,DSL,Electronic check,Yes
CUST00053,54,28.7,1517.89,Month-to-month,No,Bank transfer,No
CUST00054,4,60.85,202.63,Month-to-month,DSL,Electronic check,Yes
CUST00055,54,57.27,3039.27,Month-to-month,No,Mailed check,No
CUST00056,63,45.98,3002.98,Two year,No,Mailed check,No
CUST00057,18,92.34,1728.69,Two year,DSL,Credit card,No
CUST00058,44,69.59,3157.98,Two year,No,Mailed check,No
CUST00059,34,28.1,894.26,Two year,DSL,Electronic check,No
CUST00060,62,42.02,2608.8,Month-to-month,No,Mailed check,No
CUST00061,14,88.33,1171.94,Two year,Fiber optic,Credit card,No
CUST00062,48,27.61,1290.5,Month-to-month,No,Credit card,No
CUST00063,15,105.12,1530.89,Two year,DSL,Electronic check,No
CUST00064,62,69.51,4371.6,One year,No,Bank transfer,No
CUST00065,40,68.06,2702.59,Two year,DSL,Mailed check,No
CUST00066,53,79.24,4253.14,Two year,DSL,Credit card,No
CUST00067,24,102.47,2489.49,Month-to-month,Fiber optic,Mailed check,Yes
CUST00068,26,54.78,1539.46,Two year,Fiber optic,Mailed check,No
CUST00069,60,87.8,5194.03,One year,DSL,Bank transfer,No
CUST00070,41,76.57,3202.33,Month-to-month,No,Credit card,No
CUST00071,29,46.7,1411.62,Month-to-month,DSL,Mailed check,No
CUST00072,15,107.86,1569.23,Two year,DSL,Credit card,No
CUST00073,45,99.74,4538.66,Month-to-month,No,Electronic check,Yes
CUST00074,65,85.85,5597.06,Month-to-month,No,Electronic check,Yes
CUST00075,71,105.06,7447.89,Month-to-month,No,Mailed check,Yes
CUST00076,9,106.73,919.37,Month-to-month,No,Credit card,Yes
CUST00077,1,90.84,54.88,Month-to-month,DSL,Mailed check,Yes
CUST00078,8,103.7,932.09,Month-to-month,DSL,Credit card,Yes
CUST00079,63,89.75,5654.28,One year,Fiber optic,Credit card,No
CUST00080,11,88.01,1007.22,Two year,DSL,Bank transfer,Yes
CUST00081,8,81.86,615.34,One year,No,Bank transfer,Yes
CUST00082,35,95.27,3295.46,Month-to-month,Fiber optic,Bank transfer,Yes
CUST00083,35,35.86,1309.2,Month-to-month,No,Mailed check,No
CUST00084,33,108.09,3499.49,Two year,DSL,Bank transfer,No
CUST00085,5,107.18,515.14,One year,Fiber optic,Bank transfer,Yes
CUST00086,41,22.92,941.42,Two year,No,Electronic check,No
CUST00087,28,102.58,2877.81,One year,Fiber optic,Credit card,No
CUST00088,7,32.89,221.28,Month-to-month,Fiber optic,Credit card,Yes
CUST00089,12,53.51,661.91,Two year,DSL,Bank transfer,No
CUST00090,34,94.35,3242.54,Two year,No,Credit card,No
CUST00091,33,36.08,1227.37,Month-to-month,Fiber optic,Electronic check,Yes
CUST00092,48,101.8,4837.11,Two year,Fiber optic,Electronic check,No
CUST00093,23,103.21,2359.62,One year,No,Bank transfer,No
CUST00094,62,70.75,4446.24,One year,Fiber optic,Electronic check,No
CUST00095,37,20.64,808.41,One year,Fiber optic,Credit card,No
CUST00096,44,48.7,2074.16,One year,Fiber optic,Mailed check,No
CUST00097,35,81.69,2876.72,Month-to-month,No,Credit card,Yes
CUST00098,65,118.12,7578.89,Two year,No,Mailed check,No
CUST00099,47,83.18,3911.81,One year,No,Bank transfer,No
CUST00100,3,45.98,232.83,Month-to-month,No,Mailed check,Yes
CUST00101,1,83.4,36.01,Two year,DSL,Electronic check,Yes
CUST00102,5,74.0,328.28,Two year,Fiber optic,Credit card,Yes
CUST00103,14,97.98,1409.92,Month-to-month,No,Mailed check,Yes
CUST00104,27,30.7,751.76,Month-to-month,Fiber optic,Credit card,Yes
CUST00105,9,96.1,833.26,One year,Fiber optic,Bank transfer,Yes
CUST00106,15,74.13,1141.77,Two year,DSL,Bank transfer,No
CUST00107,42,116.3,4852.89,Two year,No,Electronic check,No
CUST00108,51,54.19,2751.89,Month-to-month,No,Bank transfer,No
CUST00109,63,83.26,5282.59,Two year,Fiber optic,Mailed check,No
CUST00110,52,113.2,5907.48,One year,No,Bank transfer,No
CUST00111,4,30.25,134.34,Two year,Fiber optic,Electronic check,Yes
CUST00112,23,113.72,2598.6,Month-to-month,Fiber optic,Credit card,Yes
CUST00113,15,88.79,1350.35,Month-to-month,DSL,Credit card,Yes
CUST00114,43,26.78,1145.35,One year,DSL,Bank transfer,No
CUST00115,29,50.1,1475.79,One year,DSL,Mailed check,No
CUST00116,36,90.82,3244.67,Two year,Fiber optic,Electronic check,No
CUST00117,13,26.74,338.49,Two year,No,Mailed check,No
CUST00118,32,78.22,2453.54,Month-to-month,DSL,Electronic check,No
CUST00119,71,54.59,3874.14,One year,No,Bank transfer,No
CUST00120,59,82.09,4802.76,One year,DSL,Electronic check,No
CUST00121,28,24.57,632.26,One year,DSL,Electronic check,No
CUST00122,66,107.15,7084.83,Two year,Fiber optic,Bank transfer,No
CUST00123,42,117.35,4939.34,One year,DSL,Mailed check,No
CUST00124,45,116.89,5299.19,Month-to-month,DSL,Bank transfer,Yes
CUST00125,62,94.97,5866.58,Month-to-month,Fiber optic,Electronic check,Yes
CUST00126,57,33.01,1901.97,Two year,No,Bank transfer,No
CUST00127,6,95.83,602.52,Two year,DSL,Electronic check,Yes
CUST00128,28,22.46,651.12,One year,Fiber optic,Bank transfer,No
CUST00129,28,22.21,580.6,Two year,DSL,Credit card,No
CUST00130,44,52.36,2311.31,Month-to-month,Fiber optic,Credit card,Yes
CUST00131,30,68.86,2084.01,One year,No,Bank transfer,No
CUST00132,62,97.04,6016.84,Month-to-month,No,Mailed check,Yes
CUST00133,62,88.33,5372.14,One year,Fiber optic,Electronic check,No
CUST00134,1,64.59,72.61,Two year,Fiber optic,Credit card,Yes
CUST00135,27,47.36,1389.35,One year,Fiber optic,Mailed check,No
CUST00136,62,119.71,7404.02,One year,No,Electronic check,No
CUST00137,3,62.62,151.46,Month-to-month,DSL,Credit card,Yes
CUST00138,70,65.14,4578.47,Month-to-month,No,Credit card,No
CUST00139,27,36.36,997.34,One year,Fiber optic,Bank transfer,No
CUST00140,9,99.48,954.96,Two year,Fiber optic,Electronic check,Yes
CUST00141,62,89.37,5478.05,Two year,No,Mailed check,No
CUST00142,37,42.08,1593.53,Month-to-month,Fiber optic,Mailed check,Yes
CUST00143,51,28.24,1469.76,Two year,No,Mailed check,No
CUST00144,44,88.05,3867.09,Month-to-month,Fiber optic,Electronic check,Yes
CUST00145,24,85.45,2067.73,Two year,DSL,Mailed check,No
CUST00146,59,47.33,2843.94,One year,DSL,Mailed check,No
CUST00147,32,115.09,3726.5,Month-to-month,Fiber optic,Mailed check,Yes
CUST00148,52,35.11,1768.57,Month-to-month,No,Bank transfer,No
CUST00149,62,63.23,3961.27,One year,DSL,Bank transfer,No
CUST00150,58,114.36,6629.65,Month-to-month,No,Electronic check,Yes
CUST00151,52,61.97,3226.08,Two year,Fiber optic,Electronic check,No
CUST00152,12,83.85,1009.86,Two year,No,Mailed check,No
CUST00153,39,59.76,2323.13,Month-to-month,DSL,Bank transfer,No
CUST00154,2,47.42,154.43,Two year,No,Credit card,No
CUST00155,3,118.4,351.01,Month-to-month,No,Credit card,Yes
CUST00156,56,60.93,3356.1,One year,Fiber optic,Mailed check,No
CUST00157,59,109.41,6435.51,Month-to-month,Fiber optic,Mailed check,Yes
CUST00158,2,43.0,94.93,One year,Fiber optic,Bank transfer,Yes
CUST00159,2,41.31,144.08,Two year,DSL,Bank transfer,No
CUST00160,54,23.11,1278.09,One year,DSL,Bank transfer,No
CUST00161,1,85.17,42.64,Two year,Fiber optic,Electronic check,Yes
CUST00162,19,56.85,1204.41,Month-to-month,Fiber optic,Electronic check,Yes
CUST00163,2,106.44,226.12,Two year,DSL,Mailed check,Yes
CUST00164,53,67.32,3631.73,Month-to-month,DSL,Electronic check,No
CUST00165,44,116.82,5132.49,Month-to-month,DSL,Bank transfer,Yes
CUST00166,32,38.55,1260.27,One year,DSL,Bank transfer,No
CUST00167,70,106.86,7522.17,One year,Fiber optic,Electronic check,No
CUST00168,32,97.66,3186.03,One year,DSL,Credit card,No
CUST00169,68,97.09,6654.99,One year,Fiber optic,Mailed check,No
CUST00170,55,104.48,5790.01,Two year,No,Credit card,No
CUST00171,56,96.1,5365.85,Two year,No,Mailed check,No
CUST00172,17,82.62,1375.95,Two year,DSL,Credit card,No
CUST00173,38,33.12,1275.19,Month-to-month,No,Electronic check,No
CUST00174,24,23.25,604.66,Two year,No,Mailed check,No
CUST00175,69,112.08,7722.38,Two year,No,Mailed check,No
CUST00176,70,81.67,5770.16,Two year,DSL,Mailed check,No
CUST00177,11,99.65,1168.78,One year,DSL,Bank transfer,Yes
CUST00178,16,68.15,1044.58,Two year,No,Bank transfer,No
CUST00179,59,31.73,1830.22,Month-to-month,Fiber optic,Credit card,Yes
CUST00180,70,32.52,2269.38,One year,No,Electronic check,No
CUST00181,3,88.56,281.06,Month-to-month,DSL,Bank transfer,Yes
CUST00182,20,63.03,1234.37,Two year,DSL,Mailed check,No
CUST00183,59,40.05,2430.56,One year,DSL,Bank transfer,No
CUST00184,36,69.16,2510.96,Month-to-month,No,Electronic check,No
CUST00185,19,26.42,503.95,Two year,Fiber optic,Bank transfer,No
CUST00186,67,78.2,5167.6,Month-to-month,DSL,Mailed check,No
CUST00187,19,46.9,825.31,Month-to-month,DSL,Credit card,No
CUST00188,20,99.76,2009.25,Month-to-month,No,Mailed check,Yes
CUST00189,71,51.04,3517.21,Two year,Fiber optic,Electronic check,No
CUST00190,52,65.52,3457.67,Two year,No,Credit card,No
CUST00191,33,21.16,690.37,Month-to-month,DSL,Bank transfer,No
CUST00192,40,27.24,1251.75,One year,Fiber optic,Bank transfer,No
CUST00193,39,59.25,2426.15,One year,Fiber optic,Bank transfer,No
CUST00194,1,67.99,58.92,Two year,DSL,Credit card,No
CUST00195,11,80.0,874.68,Two year,Fiber optic,Mailed check,Yes
CUST00196,57,49.17,2852.47,Two year,Fiber optic,Credit card,No
CUST00197,50,89.5,4560.16,Two year,No,Credit card,No
CUST00198,23,106.01,2356.33,Two year,DSL,Electronic check,No
CUST00199,31,97.99,2948.37,One year,DSL,Credit card,No
CUST00200,42,23.96,975.22,Two year,DSL,Bank transfer,No
CUST00201,7,68.05,505.49,Month-to-month,DSL,Mailed check,Yes
CUST00202,16,30.49,512.68,Month-to-month,DSL,Mailed check,No
CUST00203,60,44.2,2705.49,One year,Fiber optic,Mailed check,No
CUST00204,2,118.67,177.36,Month-to-month,No,Bank transfer,Yes
CUST00205,1,34.25,0.0,One year,DSL,Bank transfer,No
CUST00206,48,69.89,3397.62,One year,No,Bank transfer,No
CUST00207,12,81.82,940.43,Month-to-month,No,Bank transfer,Yes
CUST00208,69,90.25,6126.33,Two year,Fiber optic,Bank transfer,No
CUST00209,37,75.96,2817.77,Month-to-month,DSL,Credit card,No
CUST00210,32,20.98,711.02,Month-to-month,Fiber optic,Bank transfer,Yes
CUST00211,9,52.65,467.75,One year,DSL,Bank transfer,No
CUST00212,19,71.77,1340.74,Month-to-month,Fiber optic,Bank transfer,Yes
CUST00213,48,28.79,1373.95,One year,No,Bank transfer,No
CUST00214,3,55.06,146.65,Two year,DSL,Mailed check,No
CUST00215,20,23.32,399.0,Two year,No,Bank transfer,No
CUST00216,24,27.86,632.91,Two year,No,Credit card,No
CUST00217,54,59.69,3249.32,Month-to-month,Fiber optic,Credit card,Yes
CUST00218,33,33.27,1113.99,One year,DSL,Credit card,No
CUST00219,24,76.75,1850.4,Two year,No,Electronic check,No
CUST00220,36,88.95,3152.44,One year,Fiber optic,Mailed check,No
CUST00221,38,100.06,3793.2,One year,DSL,Bank transfer,No
CUST00222,25,40.02,891.65,Two year,DSL,Electronic check,No
CUST00223,18,36.75,670.42,Two year,No,Bank transfer,No
CUST00224,66,30.46,2081.8,One year,DSL,Electronic check,No
CUST00225,54,83.64,4442.85,Two year,No,Electronic check,No
CUST00226,35,90.65,3143.45,One year,DSL,Credit card,No
CUST00227,61,23.16,1429.22,One year,Fiber optic,Credit card,No
CUST00228,41,113.62,4721.06,Two year,No,Electronic check,No
CUST00229,33,25.2,809.19,Month-to-month,No,Credit card,No
CUST00230,68,74.13,5006.23,Two year,DSL,Electronic check,No
CUST00231,33,90.91,2901.58,Month-to-month,DSL,Mailed check,Yes
CUST00232,14,107.1,1504.57,One year,No,Credit card,No
CUST00233,21,91.41,2021.71,One year,DSL,Credit card,No
CUST00234,48,100.17,4822.03,Month-to-month,Fiber optic,Credit card,Yes
CUST00235,20,53.95,1077.89,One year,DSL,Mailed check,No
CUST00236,8,101.48,827.94,Month-to-month,Fiber optic,Electronic check,Yes
CUST00237,7,28.01,195.52,Month-to-month,Fiber optic,Bank transfer,Yes
CUST00238,67,109.48,7294.51,One year,Fiber optic,Credit card,No
CUST00239,17,74.76,1312.08,Month-to-month,Fiber optic,Electronic check,Yes
CUST00240,33,101.73,3368.38,Two year,Fiber optic,Mailed check,No
CUST00241,48,65.23,3131.92,Two year,DSL,Bank transfer,No
CUST00242,59,84.36,4928.47,One year,Fiber optic,Credit card,No
CUST00243,22,72.64,1663.26,One year,DSL,Mailed check,No
CUST00244,30,93.16,2828.04,Month-to-month,Fiber optic,Mailed check,Yes
CUST00245,38,28.16,1042.43,Month-to-month,No,Bank transfer,No
CUST00246,51,26.04,1378.13,Month-to-month,Fiber optic,Electronic check,Yes
CUST00247,54,44.71,2389.46,Month-to-month,No,Credit card,No
CUST00248,8,35.95,248.5,Two year,Fiber optic,Credit card,Yes
CUST00249,27,107.18,2855.87,Two year,Fiber optic,Electronic check,No
CUST00250,27,41.92,1043.29,One year,Fiber optic,Electronic check,No
CUST00251,21,117.59,2492.97,Month-to-month,No,Electronic check,Yes
CUST00252,30,53.69,1519.14,Month-to-month,No,Bank transfer,No
CUST00253,28,38.21,1008.46,One year,Fiber optic,Bank transfer,No
CUST00254,64,98.97,6230.3,Month-to-month,DSL,Credit card,Yes
CUST00255,69,85.87,5920.73,Month-to-month,Fiber optic,Bank transfer,Yes
CUST00256,61,69.82,4251.5,Month-to-month,No,Mailed check,No
CUST00257,48,75.54,3609.59,Month-to-month,Fiber optic,Credit card,Yes
CUST00258,19,91.92,1694.35,Month-to-month,No,Bank transfer,Yes
CUST00259,4,42.85,112.79,One year,No,Electronic check,No
CUST00260,35,119.63,4210.27,Month-to-month,No,Mailed check,Yes
CUST00261,64,117.48,7491.19,One year,Fiber optic,Electronic check,No
CUST00262,49,85.03,4182.29,Month-to-month,No,Credit card,Yes
CUST00263,17,39.95,634.89,Two year,No,Electronic check,No
CUST00264,44,88.02,3881.93,Two year,Fiber optic,Bank transfer,No
CUST00265,30,27.22,881.76,Two year,No,Bank transfer,No
CUST00266,46,23.07,1090.53,Two year,Fiber optic,Credit card,No
CUST00267,6,45.77,254.0,One year,No,Electronic check,No
CUST00268,37,66.26,2464.48,One year,DSL,Credit card,No
CUST00269,24,106.83,2551.89,Month-to-month,DSL,Electronic check,Yes
CUST00270,46,92.72,4265.51,Two year,No,Mailed check,No
CUST00271,53,94.27,4980.03,One year,DSL,Bank transfer,No
CUST00272,60,62.55,3744.78,Month-to-month,Fiber optic,Credit card,Yes
CUST00273,63,54.59,3449.77,Month-to-month,DSL,Mailed check,No
CUST00274,32,57.1,1777.53,One year,No,Mailed check,No
CUST00275,33,118.76,3868.29,Two year,No,Credit card,No
CUST00276,67,24.01,1539.24,Month-to-month,Fiber optic,Credit card,Yes
CUST00277,18,106.7,1840.59,Two year,No,Mailed check,No
CUST00278,25,77.87,1885.89,Two year,Fiber optic,Electronic check,No
CUST00279,54,63.86,3456.41,Two year,DSL,Mailed check,No
CUST00280,58,92.53,5322.1,Month-to-month,DSL,Credit card,Yes
CUST00281,67,68.67,4626.57,Two year,Fiber optic,Mailed check,No
CUST00282,46,107.34,4939.38,Month-to-month,Fiber optic,Electronic check,Yes
CUST00283,24,110.07,2543.25,Two year,No,Bank transfer,No
CUST00284,32,62.17,2022.19,Month-to-month,DSL,Bank transfer,No
CUST00285,47,47.68,2281.5,Two year,Fiber optic,Mailed check,No
CUST00286,23,79.24,1772.83,One year,DSL,Electronic check,No
CUST00287,66,111.24,7362.85,Two year,Fiber optic,Bank transfer,No
CUST00288,27,41.07,1066.07,Two year,DSL,Mailed check,No
CUST00289,2,82.3,169.48,Month-to-month,No,Mailed check,Yes
CUST00290,17,83.16,1350.5,Month-to-month,DSL,Electronic check,Yes
CUST00291,33,93.31,2989.57,Two year,DSL,Credit card,No
CUST00292,9,33.16,279.3,One year,DSL,Mailed check,No
CUST00293,43,91.58,3931.75,One year,DSL,Credit card,No
CUST00294,48,110.9,5303.32,Month-to-month,DSL,Credit card,Yes
CUST00295,39,37.97,1421.63,One year,No,Bank transfer,No
CUST00296,42,43.75,1817.51,Two year,Fiber optic,Credit card,No
CUST00297,26,117.14,3059.1,Month-to-month,DSL,Electronic check,Yes
CUST00298,50,38.1,1902.76,Two year,No,Bank transfer,No
CUST00299,25,105.44,2645.13,Month-to-month,DSL,Bank transfer,Yes
CUST00300,24,69.23,1628.01,Month-to-month,DSL,Bank transfer,No
CUST00301,13,44.72,639.95,Month-to-month,Fiber optic,Mailed check,Yes
CUST00302,60,107.07,6365.39,Month-to-month,DSL,Mailed check,Yes
CUST00303,7,64.53,476.09,One year,No,Credit card,No
CUST00304,57,71.48,4133.45,Two year,No,Bank transfer,No
CUST00305,36,55.92,2037.17,Two year,Fiber optic,Bank transfer,No
CUST00306,45,79.3,3558.37,Two year,DSL,Electronic check,No
CUST00307,20,36.35,700.59,Month-to-month,No,Credit card,No
CUST00308,65,59.11,3893.95,One year,DSL,Electronic check,No
CUST00309,8,116.94,864.37,Two year,DSL,Credit card,Yes
CUST00310,16,45.81,684.45,One year,DSL,Credit card,No
CUST00311,14,85.67,1179.5,Month-to-month,Fiber optic,Mailed check,Yes
CUST00312,15,52.52,849.68,Two year,DSL,Mailed check,No
CUST00313,66,97.35,6444.09,One year,No,Electronic check,No
CUST00314,32,33.09,1010.48,Month-to-month,DSL,Credit card,No
CUST00315,63,116.98,7354.22,One year,No,Bank transfer,No
CUST00316,51,65.38,3303.66,Two year,DSL,Mailed check,No
CUST00317,25,43.61,1054.76,Two year,No,Bank transfer,No
CUST00318,58,27.35,1635.24,Month-to-month,No,Electronic check,No
CUST00319,63,36.98,2261.15,Month-to-month,DSL,Mailed check,No
CUST00320,62,71.98,4543.2,Month-to-month,DSL,Mailed check,No
CUST00321,22,53.7,1222.81,One year,No,Credit card,No
CUST00322,58,102.89,6022.16,One year,Fiber optic,Electronic check,No
CUST00323,58,63.09,3636.07,One year,DSL,Credit card,No
CUST00324,49,44.87,2191.13,Month-to-month,Fiber optic,Mailed check,Yes
CUST00325,52,81.71,4177.26,Two year,DSL,Electronic check,No
CUST00326,42,90.68,3782.33,Two year,DSL,Mailed check,No
CUST00327,70,36.7,2593.68,One year,DSL,Electronic check,No
CUST00328,15,36.76,616.2,One year,DSL,Mailed check,No
CUST00329,54,23.67,1222.82,Two year,Fiber optic,Bank transfer,No
CUST00330,60,93.64,5600.12,Two year,DSL,Bank transfer,No
CUST00331,8,86.38,683.48,One year,No,Credit card,Yes
CUST00332,53,67.46,3505.59,One year,No,Bank transfer,No
CUST00333,60,104.42,6294.77,Two year,Fiber optic,Mailed check,No
CUST00334,5,100.57,466.65,Month-to-month,DSL,Mailed check,Yes
CUST00335,68,78.54,5330.95,One year,No,Bank transfer,No
CUST00336,6,106.83,618.38,Two year,Fiber optic,Credit card,Yes
CUST00337,47,40.58,1867.79,Two year,DSL,Bank transfer,No
CUST00338,55,31.19,1715.1,Two year,No,Electronic check,No
CUST00339,40,46.97,1868.02,Two year,No,Electronic check,No
CUST00340,52,25.71,1318.33,Month-to-month,Fiber optic,Electronic check,Yes
CUST00341,16,73.12,1133.5,Two year,DSL,Bank transfer,No
CUST00342,13,113.66,1493.56,One year,DSL,Bank transfer,No
CUST00343,30,23.93,800.58,Month-to-month,No,Bank transfer,No
CUST00344,19,32.21,618.98,Two year,No,Electronic check,No
CUST00345,17,65.22,1158.55,Month-to-month,No,Credit card,No
CUST00346,63,113.39,7074.06,One year,DSL,Mailed check,No
CUST00347,19,51.62,988.67,Two year,Fiber optic,Bank transfer,No
CUST00348,58,70.72,4046.89,One year,Fiber optic,Credit card,No
CUST00349,55,24.16,1254.95,Two year,DSL,Mailed check,No
CUST00350,62,34.83,2122.49,Two year,Fiber optic,Mailed check,No
CUST00351,23,118.66,2788.77,Two year,No,Mailed check,No
CUST00352,9,116.51,1096.09,Two year,Fiber optic,Credit card,Yes
CUST00353,12,20.49,258.03,Two year,Fiber optic,Credit card,No
CUST00354,1,115.18,38.54,Month-to-month,Fiber optic,Electronic check,Yes
CUST00355,58,83.91,4856.97,Two year,No,Credit card,No
CUST00356,1,106.79,121.88,Two year,DSL,Credit card,Yes
CUST00357,34,65.47,2234.76,Month-to-month,No,Credit card,No
CUST00358,48,71.56,3342.69,Month-to-month,DSL,Mailed check,No
CUST00359,1,68.88,24.36,Month-to-month,DSL,Bank transfer,Yes
CUST00360,16,86.69,1383.84,Month-to-month,DSL,Electronic check,Yes
CUST00361,61,33.97,2098.98,Month-to-month,Fiber optic,Bank transfer,Yes
CUST00362,64,23.0,1362.19,Month-to-month,Fiber optic,Bank transfer,Yes
CUST00363,63,50.79,3191.66,Two year,DSL,Credit card,No
CUST00364,69,90.47,6249.58,Two year,DSL,Electronic check,No
CUST00365,22,40.19,926.66,One year,Fiber optic,Bank transfer,No
CUST00366,67,87.34,5886.42,Two year,No,Bank transfer,No
CUST00367,26,116.99,3070.87,Two year,DSL,Electronic check,No
CUST00368,16,29.39,430.24,Month-to-month,No,Credit card,No
CUST00369,51,87.26,4354.86,Month-to-month,Fiber optic,Bank transfer,Yes
CUST00370,57,64.38,3650.01,Two year,DSL,Mailed check,No
CUST00371,29,106.81,3147.57,One year,No,Bank transfer,No
CUST00372,69,37.71,2671.66,Month-to-month,No,Mailed check,No
CUST00373,47,89.26,4230.75,Two year,No,Credit card,No
CUST00374,62,103.81,6457.69,Two year,Fiber optic,Bank transfer,No
CUST00375,69,114.46,7916.72,One year,Fiber optic,Electronic check,No
CUST00376,16,88.32,1385.31,One year,No,Electronic check,No
CUST00377,48,69.72,3340.06,Month-to-month,No,Bank transfer,No
CUST00378,39,81.78,3272.87,One year,Fiber optic,Credit card,No
CUST00379,33,106.89,3480.24,Two year,No,Credit card,No
CUST00380,23,77.06,1853.12,Two year,No,Electronic check,No
CUST00381,10,23.04,214.3,One year,Fiber optic,Bank transfer,Yes
CUST00382,69,113.09,7869.48,One year,No,Credit card,No
CUST00383,34,88.95,2953.96,One year,No,Electronic check,No
CUST00384,52,87.65,4587.1,One year,No,Mailed check,No
CUST00385,10,41.57,378.86,Month-to-month,Fiber optic,Bank transfer,Yes
CUST00386,19,85.89,1561.15,One year,No,Mailed check,No
CUST00387,58,59.39,3455.55,Month-to-month,Fiber optic,Mailed check,Yes
CUST00388,1,85.12,135.59,Two year,Fiber optic,Credit card,Yes
CUST00389,69,30.66,2073.29,One year,DSL,Credit card,No
CUST00390,4,85.78,268.17,Month-to-month,DSL,Credit card,Yes
CUST00391,16,119.94,1914.45,One year,No,Bank transfer,No
CUST00392,24,24.82,591.31,Two year,Fiber optic,Mailed check,No
CUST00393,2,117.72,262.86,Two year,DSL,Bank transfer,Yes
CUST00394,32,60.69,1989.56,Two year,No,Credit card,No
CUST00395,24,107.08,2566.95,One year,DSL,Mailed check,No
CUST00396,12,98.24,1271.66,One year,DSL,Bank transfer,No
CUST00397,50,76.7,3846.21,Month-to-month,Fiber optic,Bank transfer,Yes
CUST00398,35,93.84,3267.08,Two year,Fiber optic,Electronic check,No
CUST00399,33,107.85,3478.47,One year,DSL,Bank transfer,No
CUST00400,33,60.41,1980.4,Two year,DSL,Credit card,No
CUST00401,61,52.7,3197.88,Two year,Fiber optic,Bank transfer,No
CUST00402,51,86.76,4472.78,Month-to-month,No,Mailed check,Yes
CUST00403,43,100.78,4356.66,Month-to-month,Fiber optic,Bank transfer,Yes
CUST00404,12,96.23,1095.79,Month-to-month,DSL,Electronic check,Yes
CUST00405,67,99.78,6693.87,Month-to-month,No,Mailed check,Yes
CUST00406,65,63.56,4164.98,Two year,DSL,Mailed check,No
CUST00407,33,101.78,3435.14,Month-to-month,No,Electronic check,Yes
CUST00408,40,32.02,1325.18,Month-to-month,DSL,Credit card,No
CUST00409,43,74.45,3239.39,Month-to-month,No,Mailed check,No
CUST00410,44,20.58,908.52,Month-to-month,No,Credit card,No
CUST00411,29,52.46,1540.76,Two year,DSL,Mailed check,No
CUST00412,13,56.65,798.93,Month-to-month,No,Mailed check,No
CUST00413,12,59.62,648.8,Two year,Fiber optic,Credit card,No
CUST00414,46,89.55,4101.83,One year,DSL,Mailed check,No
CUST00415,2,58.86,79.09,Two year,Fiber optic,Credit card,Yes
CUST00416,35,64.87,2289.41,Two year,DSL,Electronic check,No
CUST00417,8,43.75,411.51,Month-to-month,No,Credit card,Yes
CUST00418,26,57.33,1460.73,One year,No,Electronic check,No
CUST00419,34,42.73,1333.3,One year,No,Mailed check,No
CUST00420,7,27.32,170.63,One year,DSL,Credit card,No
CUST00421,68,80.34,5508.79,One year,Fiber optic,Mailed check,No
CUST00422,58,86.82,5062.44,Two year,Fiber optic,Credit card,No
CUST00423,29,81.95,2397.96,One year,DSL,Electronic check,No
CUST00424,36,66.35,2374.6,Two year,DSL,Electronic check,No
CUST00425,21,57.98,1153.63,Two year,Fiber optic,Credit card,No
CUST00426,36,106.33,3853.64,Two year,Fiber optic,Electronic check,No
CUST00427,10,71.91,677.39,One year,Fiber optic,Mailed check,Yes
CUST00428,24,67.92,1739.28,Month-to-month,Fiber optic,Mailed check,Yes
CUST00429,64,22.56,1472.37,Month-to-month,DSL,Bank transfer,No
CUST00430,49,54.12,2622.85,One year,DSL,Electronic check,No
CUST00431,36,58.02,2058.15,Month-to-month,No,Mailed check,No
CUST00432,24,59.88,1432.47,Month-to-month,Fiber optic,Credit card,Yes
CUST00433,23,78.02,1782.48,Two year,No,Electronic check,No
CUST00434,62,73.36,4604.16,Two year,DSL,Mailed check,No
CUST00435,37,80.79,2998.55,One year,DSL,Electronic check,No
CUST00436,12,96.49,1121.3,One year,No,Credit card,No
CUST00437,55,101.3,5666.02,Month-to-month,Fiber optic,Mailed check,Yes
CUST00438,13,91.81,1196.0,Two year,Fiber optic,Bank transfer,No
CUST00439,23,115.55,2696.09,One year,Fiber optic,Bank transfer,No
CUST00440,30,21.82,624.19,One year,Fiber optic,Electronic check,No
CUST00441,17,39.58,691.02,One year,No,Credit card,No
CUST00442,62,20.76,1302.68,One year,No,Mailed check,No
CUST00443,13,84.75,1007.27,One year,DSL,Credit card,No
CUST00444,59,109.8,6578.96,One year,Fiber optic,Mailed check,No
CUST00445,19,44.35,907.18,Month-to-month,Fiber optic,Electronic check,Yes
CUST00446,49,112.7,5502.44,Two year,Fiber optic,Mailed check,No
CUST00447,12,26.03,257.25,Two year,No,Credit card,No
CUST00448,61,113.44,6937.22,One year,Fiber optic,Credit card,No
CUST00449,19,55.16,1052.37,Two year,No,Electronic check,No
CUST00450,9,30.14,289.04,Two year,Fiber optic,Credit card,Yes
CUST00451,71,68.59,4879.47,Two year,Fiber optic,Mailed check,No
CUST00452,28,45.68,1304.35,One year,DSL,Electronic check,No
CUST00453,52,48.49,2593.85,One year,Fiber optic,Mailed check,No
CUST00454,16,50.73,840.09,Two year,Fiber optic,Credit card,No
CUST00455,69,100.3,6868.22,Two year,DSL,Electronic check,No
CUST00456,12,73.92,955.17,One year,No,Mailed check,No
CUST00457,25,51.13,1360.28,Month-to-month,No,Credit card,No
CUST00458,52,81.03,4371.16,Two year,Fiber optic,Credit card,No
CUST00459,53,91.62,4799.69,Month-to-month,No,Bank transfer,Yes
CUST00460,23,47.26,1099.12,Two year,Fiber optic,Credit card,No
CUST00461,16,61.35,877.5,Month-to-month,DSL,Mailed check,No
CUST00462,57,32.19,1862.49,Month-to-month,DSL,Electronic check,No
CUST00463,39,38.11,1458.88,Month-to-month,Fiber optic,Bank transfer,Yes
CUST00464,53,88.11,4766.0,One year,DSL,Credit card,No
CUST00465,42,38.14,1563.15,Month-to-month,DSL,Credit card,No
CUST00466,58,72.52,4121.7,Month-to-month,Fiber optic,Credit card,Yes
CUST00467,39,90.9,3521.54,Month-to-month,Fiber optic,Mailed check,Yes
CUST00468,14,30.69,330.89,Two year,DSL,Bank transfer,No
CUST00469,5,76.73,421.2,Month-to-month,No,Mailed check,Yes
CUST00470,35,45.66,1494.85,Two year,No,Bank transfer,No
CUST00471,18,116.29,2094.64,Month-to-month,Fiber optic,Electronic check,Yes
CUST00472,9,68.35,511.26,Month-to-month,Fiber optic,Mailed check,Yes
CUST00473,58,100.6,5818.79,One year,No,Mailed check,No
CUST00474,17,75.02,1357.51,Two year,DSL,Electronic check,No
CUST00475,7,24.34,188.41,Month-to-month,No,Bank transfer,Yes
CUST00476,46,83.32,3789.55,Two year,No,Credit card,No
CUST00477,13,115.14,1495.26,Two year,No,Electronic check,No
CUST00478,40,80.16,3207.3,One year,No,Credit card,No
CUST00479,42,101.92,4304.27,One year,Fiber optic,Credit card,No
CUST00480,9,108.42,907.44,One year,Fiber optic,Electronic check,Yes
CUST00481,50,42.81,2170.13,One year,DSL,Bank transfer,No
CUST00482,27,41.2,977.18,One year,DSL,Credit card,No
CUST00483,66,81.1,5321.11,One year,DSL,Electronic check,No
CUST00484,5,61.1,281.09,One year,DSL,Mailed check,No
CUST00485,29,103.99,3047.38,One year,No,Mailed check,No
CUST00486,37,110.0,4071.13,Month-to-month,Fiber optic,Mailed check,Yes
CUST00487,38,55.34,2032.64,Two year,Fiber optic,Electronic check,No
CUST00488,8,43.69,300.27,One year,DSL,Mailed check,No
CUST00489,65,98.05,6383.18,One year,DSL,Credit card,No
CUST00490,17,47.48,803.21,Two year,No,Mailed check,No
CUST00491,71,102.26,7231.5,Month-to-month,No,Mailed check,Yes
CUST00492,45,62.37,2782.61,Two year,DSL,Credit card,No
CUST00493,4,86.75,381.81,Two year,Fiber optic,Mailed check,Yes
CUST00494,36,29.55,1037.92,One year,Fiber optic,Credit card,No
CUST00495,70,82.39,5762.9,Two year,Fiber optic,Mailed check,No
CUST00496,31,65.18,2129.08,Two year,DSL,Credit card,No
CUST00497,19,78.66,1423.36,One year,Fiber optic,Mailed check,No
CUST00498,61,36.8,2152.21,One year,No,Credit card,No
CUST00499,54,93.69,5098.44,One year,No,Electronic check,No
CUST00500,39,106.28,4110.99,One year,DSL,Credit card,No
CUST00501,19,41.67,775.82,Two year,No,Mailed check,No
CUST00502,39,29.57,1114.17,Two year,DSL,Mailed check,No
CUST00503,67,22.36,1485.13,Month-to-month,Fiber optic,Bank transfer,Yes
CUST00504,45,84.2,3868.93,Month-to-month,Fiber optic,Credit card,Yes
CUST00505,13,80.71,1089.34,Two year,Fiber optic,Electronic check,No
CUST00506,58,74.67,4373.97,Month-to-month,No,Credit card,No
CUST00507,20,43.19,792.99,Two year,DSL,Credit card,No
CUST00508,61,59.09,3546.93,Month-to-month,Fiber optic,Electronic check,Yes
CUST00509,39,79.45,2956.6,One year,DSL,Credit card,No
CUST00510,1,69.68,29.21,Month-to-month,Fiber optic,Electronic check,Yes
CUST00511,3,118.78,404.18,One year,No,Electronic check,Yes
CUST00512,62,33.64,2111.53,One year,No,Credit card,No
CUST00513,63,89.51,5628.05,One year,DSL,Credit card,No
CUST00514,25,60.43,1509.63,One year,No,Mailed check,No
CUST00515,56,62.82,3483.48,Month-to-month,No,Mailed check,No
CUST00516,33,91.76,3038.32,Two year,DSL,Bank transfer,No
CUST00517,38,89.24,3429.41,One year,Fiber optic,Bank transfer,No
CUST00518,6,119.13,633.99,Month-to-month,No,Credit card,Yes
CUST00519,58,32.84,1919.7,One year,DSL,Electronic check,No
CUST00520,44,30.41,1384.66,Month-to-month,No,Bank transfer,No
CUST00521,45,92.43,4138.59,Month-to-month,No,Credit card,Yes
CUST00522,32,77.84,2525.92,Month-to-month,No,Bank transfer,No
CUST00523,45,47.42,2274.63,Two year,No,Electronic check,No
CUST00524,61,27.94,1699.12,Month-to-month,DSL,Credit card,No
CUST00525,47,28.57,1362.46,Month-to-month,DSL,Electronic check,No
CUST00526,21,109.42,2260.92,Two year,DSL,Credit card,No
CUST00527,36,39.19,1419.9,Two year,No,Bank transfer,No
CUST00528,19,52.34,1017.47,Month-to-month,No,Mailed check,No
CUST00529,20,42.67,863.14,Two year,No,Bank transfer,No
CUST00530,57,55.5,3112.52,One year,DSL,Bank transfer,No
CUST00531,18,26.94,495.24,One year,No,Mailed check,No
CUST00532,47,71.91,3452.88,Two year,Fiber optic,Mailed check,No
CUST00533,49,26.76,1333.67,Two year,No,Credit card,No
CUST00534,14,100.04,1448.66,Month-to-month,Fiber optic,Credit card,Yes
CUST00535,15,43.37,638.7,Two year,No,Electronic check,No
CUST00536,31,74.0,2331.5,Month-to-month,DSL,Electronic check,No
CUST00537,1,108.01,121.97,One year,No,Bank transfer,Yes
CUST00538,54,85.09,4547.31,Two year,Fiber optic,Mailed check,No
CUST00539,3,73.3,235.83,Month-to-month,Fiber optic,Electronic check,Yes
CUST00540,16,52.43,789.3,Month-to-month,No,Bank transfer,No
CUST00541,57,53.3,3006.46,One year,Fiber optic,Mailed check,No
CUST00542,12,86.95,1052.87,Two year,Fiber optic,Credit card,No
CUST00543,16,119.41,1925.42,One year,DSL,Bank transfer,No
CUST00544,24,86.18,2008.86,Month-to-month,No,Credit card,Yes
CUST00545,28,75.78,2174.54,Month-to-month,No,Electronic check,No
CUST00546,8,93.07,773.16,Two year,No,Electronic check,Yes
CUST00547,36,66.52,2359.48,Month-to-month,Fiber optic,Mailed check,Yes
CUST00548,8,26.01,131.2,Two year,No,Bank transfer,No
CUST00549,58,76.23,4414.09,One year,No,Credit card,No
CUST00550,60,115.76,6923.3,Two year,DSL,Mailed check,No
CUST00551,50,37.53,1882.16,Two year,DSL,Electronic check,No
CUST00552,28,89.0,2473.84,Month-to-month,DSL,Electronic check,Yes
CUST00553,41,40.09,1543.32,Month-to-month,Fiber optic,Bank transfer,Yes
CUST00554,64,73.58,4689.7,Two year,No,Credit card,No
CUST00555,27,29.67,785.81,Month-to-month,DSL,Bank transfer,No
CUST00556,63,65.04,4129.2,Month-to-month,DSL,Credit card,No
CUST00557,17,95.62,1590.63,Month-to-month,DSL,Credit card,Yes
CUST00558,33,54.76,1891.01,Two year,No,Bank transfer,No
CUST00559,29,86.49,2412.63,Month-to-month,No,Mailed check,Yes
CUST00560,13,99.54,1359.58,Two year,No,Bank transfer,No
CUST00561,46,112.72,5173.9,Month-to-month,Fiber optic,Bank transfer,Yes
CUST00562,35,43.46,1564.08,One year,Fiber optic,Electronic check,No
CUST00563,6,59.93,363.57,Month-to-month,DSL,Electronic check,Yes
CUST00564,69,35.24,2488.54,Month-to-month,No,Bank transfer,No
CUST00565,47,119.25,5585.38,Two year,DSL,Bank transfer,No
CUST00566,25,112.7,2762.57,Two year,No,Electronic check,No
CUST00567,66,74.0,4955.03,Month-to-month,No,Credit card,No
CUST00568,10,104.2,1036.33,One year,No,Bank transfer,Yes
CUST00569,56,72.1,4048.68,Month-to-month,Fiber optic,Mailed check,Yes
CUST00570,30,82.36,2532.54,Month-to-month,Fiber optic,Mailed check,Yes
CUST00571,5,28.91,92.95,One year,No,Mailed check,No
CUST00572,33,95.53,3182.26,Two year,DSL,Bank transfer,No
CUST00573,65,32.77,2100.56,Month-to-month,No,Credit card,No
CUST00574,18,102.61,1840.37,Two year,No,Credit card,No
CUST00575,49,98.2,4815.41,Two year,DSL,Electronic check,No
CUST00576,11,90.87,924.56,One year,No,Bank transfer,Yes
CUST00577,26,23.62,575.18,One year,DSL,Credit card,No
CUST00578,63,50.31,3237.08,Two year,Fiber optic,Bank transfer,No
CUST00579,59,46.31,2776.6,Month-to-month,Fiber optic,Electronic check,Yes
CUST00580,27,56.01,1509.14,Two year,DSL,Electronic check,No
CUST00581,49,28.76,1421.4,Month-to-month,Fiber optic,Electronic check,Yes
CUST00582,33,113.7,3737.39,Month-to-month,Fiber optic,Mailed check,Yes
CUST00583,1,75.38,143.21,One year,DSL,Bank transfer,No
CUST00584,21,50.55,1051.53,Month-to-month,Fiber optic,Electronic check,Yes
CUST00585,55,59.7,3295.09,Month-to-month,No,Bank transfer,No
CUST00586,6,64.72,445.62,Two year,No,Mailed check,No
CUST00587,69,80.06,5485.27,One year,DSL,Mailed check,No
CUST00588,5,71.57,435.79,Month-to-month,Fiber optic,Electronic check,Yes
CUST00589,3,111.94,259.3,Month-to-month,No,Electronic check,Yes
CUST00590,53,69.7,3775.58,One year,No,Credit card,No
CUST00591,23,119.22,2723.43,Two year,Fiber optic,Bank transfer,No
CUST00592,53,105.14,5560.29,One year,Fiber optic,Electronic check,No
CUST00593,37,40.85,1416.95,One year,No,Credit card,No
CUST00594,17,113.06,1899.28,Month-to-month,No,Bank transfer,Yes
CUST00595,1,31.64,0.0,Month-to-month,DSL,Electronic check,Yes
CUST00596,51,101.74,5158.36,Two year,DSL,Credit card,No
CUST00597,45,58.06,2605.83,Month-to-month,No,Credit card,No
CUST00598,4,107.8,479.09,Month-to-month,DSL,Bank transfer,Yes
CUST00599,62,106.81,6632.6,One year,No,Credit card,No
CUST00600,65,100.59,6553.73,Month-to-month,No,Bank transfer,Yes
CUST00601,32,99.0,3113.22,Two year,DSL,Bank transfer,No
CUST00602,34,50.47,1671.94,One year,DSL,Bank transfer,No
CUST00603,39,28.09,1185.45,Two year,Fiber optic,Mailed check,No
CUST00604,26,60.3,1531.04,One year,Fiber optic,Credit card,No
CUST00605,34,37.35,1352.71,Month-to-month,Fiber optic,Bank transfer,Yes
CUST00606,54,89.5,4820.85,One year,No,Electronic check,No
CUST00607,3,54.61,163.94,One year,DSL,Mailed check,No
CUST00608,50,117.56,5931.52,Month-to-month,No,Mailed check,Yes
CUST00609,12,84.1,1072.79,Month-to-month,DSL,Credit card,Yes
CUST00610,65,102.25,6640.71,Two year,No,Bank transfer,No
CUST00611,54,33.25,1776.09,Two year,Fiber optic,Credit card,No
CUST00612,5,106.2,528.2,Month-to-month,Fiber optic,Mailed check,Yes
CUST00613,57,112.28,6416.86,Month-to-month,Fiber optic,Bank transfer,Yes
CUST00614,17,68.71,1212.64,Month-to-month,No,Electronic check,No
CUST00615,47,80.63,3789.82,One year,DSL,Bank transfer,No
CUST00616,23,96.48,2249.98,One year,DSL,Mailed check,No
CUST00617,14,37.48,606.64,One year,Fiber optic,Electronic check,No
CUST00618,66,70.26,4656.23,Month-to-month,Fiber optic,Bank transfer,Yes
CUST00619,51,59.87,3068.95,Two year,Fiber optic,Electronic check,No
CUST00620,38,34.64,1240.37,Month-to-month,Fiber optic,Electronic check,Yes
CUST00621,64,56.75,3500.46,One year,DSL,Mailed check,No
CUST00622,38,26.82,1038.58,One year,No,Electronic check,No
CUST00623,50,22.58,1124.26,Month-to-month,No,Credit card,No
CUST00624,30,33.52,979.86,Month-to-month,No,Mailed check,No
CUST00625,51,116.31,5943.99,One year,No,Credit card,No
CUST00626,63,74.95,4718.83,One year,Fiber optic,Electronic check,No
CUST00627,52,116.58,6118.55,One year,Fiber optic,Credit card,No
CUST00628,38,63.25,2407.81,Month-to-month,Fiber optic,Bank transfer,Yes
CUST00629,30,51.18,1498.05,One year,No,Electronic check,No
CUST00630,51,70.61,3650.62,One year,Fiber optic,Bank transfer,No
CUST00631,5,63.95,308.89,Two year,Fiber optic,Credit card,Yes
CUST00632,29,30.57,912.86,Month-to-month,DSL,Bank transfer,No
CUST00633,4,84.08,312.45,Two year,DSL,Electronic check,Yes
CUST00634,10,41.6,383.51,Two year,Fiber optic,Bank transfer,Yes
CUST00635,56,81.96,4593.97,One year,DSL,Credit card,No
CUST00636,17,85.02,1445.98,Month-to-month,DSL,Credit card,Yes
CUST00637,17,35.2,622.39,One year,Fiber optic,Credit card,No
CUST00638,69,26.13,1789.54,Month-to-month,Fiber optic,Electronic check,Yes
CUST00639,34,98.08,3242.9,Two year,Fiber optic,Credit card,No
CUST00640,6,65.98,374.24,Month-to-month,Fiber optic,Electronic check,Yes
CUST00641,53,25.82,1408.15,One year,No,Bank transfer,No
CUST00642,66,119.49,7871.47,One year,No,Credit card,No
CUST00643,43,25.78,1096.22,One year,Fiber optic,Bank transfer,No
CUST00644,23,89.5,2107.82,Month-to-month,DSL,Mailed check,Yes
CUST00645,55,118.37,6474.75,Two year,Fiber optic,Bank transfer,No
CUST00646,16,43.92,625.58,Two year,Fiber optic,Mailed check,No
CUST00647,8,34.22,265.73,Month-to-month,DSL,Bank transfer,Yes
CUST00648,4,32.14,104.35,One year,No,Electronic check,No
CUST00649,4,50.33,153.01,Two year,Fiber optic,Bank transfer,Yes
CUST00650,56,30.1,1676.83,One year,Fiber optic,Electronic check,No
CUST00651,25,89.22,2255.08,Month-to-month,No,Electronic check,Yes
CUST00652,67,26.23,1756.95,One year,No,Credit card,No
CUST00653,67,70.94,4768.33,Two year,DSL,Electronic check,No
CUST00654,27,119.67,3321.76,Two year,No,Mailed check,No
CUST00655,32,101.4,3227.66,One year,No,Credit card,No
CUST00656,50,81.52,4089.92,Month-to-month,No,Credit card,Yes
CUST00657,61,50.63,3062.97,One year,DSL,Bank transfer,No
CUST00658,51,82.39,4159.57,Month-to-month,No,Electronic check,Yes
CUST00659,19,72.7,1352.05,One year,No,Electronic check,No
CUST00660,21,62.61,1290.87,Two year,DSL,Mailed check,No
CUST00661,5,33.07,183.32,Month-to-month,No,Bank transfer,Yes
CUST00662,42,108.66,4681.17,Month-to-month,No,Bank transfer,Yes
CUST00663,61,64.98,3927.98,Month-to-month,DSL,Credit card,No
CUST00664,22,39.46,847.29,Two year,Fiber optic,Credit card,No
CUST00665,21,56.78,1189.22,One year,DSL,Credit card,No
CUST00666,70,61.41,4318.49,Two year,No,Mailed check,No
CUST00667,1,102.75,115.93,Month-to-month,No,Mailed check,Yes
CUST00668,5,93.36,531.0,One year,No,Credit card,Yes
CUST00669,12,96.93,1041.84,Two year,DSL,Bank transfer,No
CUST00670,46,21.1,851.25,Month-to-month,No,Mailed check,No
CUST00671,34,61.62,2070.29,Month-to-month,No,Bank transfer,No
CUST00672,49,68.13,3393.24,Two year,DSL,Bank transfer,No
CUST00673,45,21.92,908.12,Two year,Fiber optic,Electronic check,No
CUST00674,27,45.98,1091.08,Two year,Fiber optic,Credit card,No
CUST00675,26,96.03,2525.34,Month-to-month,No,Electronic check,Yes
CUST00676,47,33.71,1596.55,Two year,DSL,Credit card,No
CUST00677,56,73.53,4063.17,Month-to-month,No,Credit card,No
CUST00678,63,41.52,2566.48,Two year,DSL,Bank transfer,No
CUST00679,48,21.21,969.59,Month-to-month,DSL,Credit card,No
CUST00680,61,44.12,2696.85,Month-to-month,Fiber optic,Bank transfer,Yes
CUST00681,26,117.59,3026.02,One year,Fiber optic,Bank transfer,No
CUST00682,36,100.15,3630.1,Two year,DSL,Credit card,No
CUST00683,1,115.96,0.0,Two year,No,Bank transfer,Yes
CUST00684,8,68.79,507.48,Month-to-month,Fiber optic,Bank transfer,Yes
CUST00685,52,30.97,1554.14,Month-to-month,No,Bank transfer,No
CUST00686,47,74.8,3502.78,Month-to-month,Fiber optic,Mailed check,Yes
CUST00687,56,65.44,3637.74,One year,Fiber optic,Bank transfer,No
CUST00688,14,104.44,1502.05,One year,No,Mailed check,No
CUST00689,28,29.81,741.71,Month-to-month,Fiber optic,Mailed check,Yes
CUST00690,2,68.82,139.91,Two year,Fiber optic,Bank transfer,Yes
CUST00691,26,35.0,937.92,Two year,No,Bank transfer,No
CUST00692,14,52.47,827.41,One year,Fiber optic,Mailed check,No
CUST00693,59,93.74,5506.57,One year,Fiber optic,Mailed check,No
CUST00694,56,67.6,3801.82,Month-to-month,Fiber optic,Bank transfer,Yes
CUST00695,7,57.59,312.94,Two year,No,Bank transfer,No
CUST00696,3,59.45,58.75,Month-to-month,DSL,Credit card,Yes
CUST00697,23,65.94,1558.86,One year,No,Mailed check,No
CUST00698,18,98.5,1772.72,Two year,DSL,Mailed check,No
CUST00699,38,109.21,4208.91,Two year,Fiber optic,Credit card,No
CUST00700,15,115.53,1664.28,One year,DSL,Mailed check,No
CUST00701,64,98.69,6342.16,Month-to-month,No,Electronic check,Yes
CUST00702,28,51.54,1536.56,Month-to-month,No,Mailed check,No
CUST00703,39,88.81,3484.58,Two year,Fiber optic,Credit card,No
CUST00704,57,63.76,3648.15,One year,DSL,Electronic check,No
CUST00705,17,45.47,773.42,Two year,Fiber optic,Bank transfer,No
CUST00706,44,104.09,4501.42,One year,Fiber optic,Credit card,No
CUST00707,25,23.84,663.78,Month-to-month,No,Credit card,No
CUST00708,17,110.18,1842.52,One year,DSL,Bank transfer,No
CUST00709,13,66.15,885.17,Month-to-month,DSL,Credit card,No
CUST00710,25,83.72,2014.85,One year,DSL,Mailed check,No
CUST00711,68,85.94,5784.95,Two year,DSL,Bank transfer,No
CUST00712,10,109.51,1166.85,Month-to-month,Fiber optic,Credit card,Yes
CUST00713,67,83.67,5588.52,Two year,Fiber optic,Bank transfer,No
CUST00714,18,81.39,1537.68,Two year,No,Bank transfer,No
CUST00715,34,26.67,902.87,Month-to-month,Fiber optic,Bank transfer,Yes
CUST00716,8,71.84,482.63,Month-to-month,Fiber optic,Electronic check,Yes
CUST00717,40,35.02,1445.4,Two year,No,Credit card,No
CUST00718,42,93.74,3907.59,Two year,No,Electronic check,No
CUST00719,41,71.22,2954.95,Two year,No,Credit card,No
CUST00720,6,88.02,529.38,Two year,Fiber optic,Mailed check,Yes
CUST00721,52,24.17,1179.68,Month-to-month,Fiber optic,Mailed check,Yes
CUST00722,26,28.48,748.69,Month-to-month,No,Mailed check,No
CUST00723,64,91.63,5974.13,Two year,No,Credit card,No
CUST00724,59,27.21,1630.04,One year,No,Bank transfer,No
CUST00725,56,27.13,1516.4,One year,Fiber optic,Bank transfer,No
CUST00726,59,21.21,1305.16,Month-to-month,Fiber optic,Electronic check,Yes
CUST00727,70,115.65,8106.03,Two year,DSL,Electronic check,No
CUST00728,33,93.75,3104.23,Two year,Fiber optic,Mailed check,No
CUST00729,53,55.33,2877.91,Month-to-month,Fiber optic,Electronic check,Yes
CUST00730,22,49.65,1103.99,One year,Fiber optic,Credit card,No
CUST00731,21,54.97,1206.14,One year,No,Credit card,No
CUST00732,70,97.47,6781.1,One year,Fiber optic,Electronic check,No
CUST00733,70,86.14,6101.02,Month-to-month,No,Electronic check,Yes
CUST00734,4,38.52,149.49,One year,DSL,Electronic check,No
CUST00735,62,37.41,2275.03,Month-to-month,DSL,Electronic check,No
CUST00736,62,29.84,1899.96,Month-to-month,No,Mailed check,No
CUST00737,24,86.03,2050.38,Two year,No,Mailed check,No
CUST00738,55,96.44,5342.18,One year,No,Electronic check,No
CUST00739,9,46.5,403.91,Month-to-month,Fiber optic,Credit card,Yes
CUST00740,3,22.09,63.28,One year,DSL,Mailed check,No
CUST00741,31,28.22,899.5,One year,No,Credit card,No
CUST00742,40,116.79,4686.14,Two year,Fiber optic,Bank transfer,No
CUST00743,36,49.54,1683.66,One year,DSL,Credit card,No
CUST00744,24,96.92,2270.02,Two year,Fiber optic,Electronic check,No
CUST00745,6,82.47,541.29,Month-to-month,DSL,Bank transfer,Yes
CUST00746,66,58.19,3833.93,One year,Fiber optic,Mailed check,No
CUST00747,4,40.57,136.09,Month-to-month,DSL,Mailed check,Yes
CUST00748,6,32.14,124.91,One year,DSL,Bank transfer,No
CUST00749,51,81.5,4102.51,Month-to-month,Fiber optic,Credit card,Yes
CUST00750,62,97.46,5941.43,One year,No,Mailed check,No
CUST00751,57,84.39,4805.17,One year,DSL,Electronic check,No
CUST00752,66,73.03,4790.06,One year,No,Bank transfer,No
CUST00753,8,24.2,145.27,One year,Fiber optic,Electronic check,Yes
CUST00754,26,116.85,3034.69,One year,No,Bank transfer,No
CUST00755,51,99.87,5111.57,One year,No,Mailed check,No
CUST00756,45,49.28,2322.26,One year,No,Credit card,No
CUST00757,44,118.0,5116.41,One year,No,Bank transfer,No
CUST00758,5,80.19,458.92,One year,No,Bank transfer,Yes
CUST00759,70,78.24,5525.46,Month-to-month,DSL,Electronic check,No
CUST00760,26,94.81,2426.11,Two year,DSL,Mailed check,No
CUST00761,68,101.18,6890.4,One year,DSL,Electronic check,No
CUST00762,19,85.65,1604.47,Two year,Fiber optic,Mailed check,No
CUST00763,20,32.81,665.48,One year,No,Electronic check,No
CUST00764,12,53.83,721.42,One year,DSL,Bank transfer,No
CUST00765,47,112.81,5332.35,Month-to-month,Fiber optic,Electronic check,Yes
CUST00766,1,42.46,67.89,Month-to-month,DSL,Credit card,Yes
CUST00767,14,57.22,779.56,Two year,DSL,Mailed check,No
CUST00768,64,63.21,3971.24,Month-to-month,No,Mailed check,No
CUST00769,38,63.94,2419.3,Month-to-month,Fiber optic,Bank transfer,Yes
CUST00770,37,81.29,3068.06,Two year,No,Mailed check,No
CUST00771,11,114.31,1181.05,Month-to-month,No,Credit card,Yes
CUST00772,3,44.07,79.46,One year,DSL,Electronic check,No
CUST00773,33,32.15,1067.26,Two year,No,Bank transfer,No
CUST00774,6,39.75,189.27,Two year,Fiber optic,Credit card,Yes
CUST00775,50,108.69,5394.87,One year,No,Mailed check,No
CUST00776,10,84.58,824.62,Month-to-month,No,Mailed check,Yes
CUST00777,5,48.59,174.67,Two year,No,Credit card,No
CUST00778,23,101.59,2287.86,Two year,DSL,Electronic check,No
CUST00779,10,106.14,1096.57,One year,Fiber optic,Electronic check,Yes
CUST00780,44,104.65,4539.23,One year,DSL,Bank transfer,No
CUST00781,2,111.89,143.89,Month-to-month,DSL,Mailed check,Yes
CUST00782,13,45.22,556.36,Two year,DSL,Credit card,No
CUST00783,40,95.5,3856.6,Month-to-month,DSL,Electronic check,Yes
CUST00784,2,66.05,122.25,Month-to-month,DSL,Bank transfer,Yes
CUST00785,65,104.2,6749.77,One year,Fiber optic,Mailed check,No
CUST00786,63,92.85,5851.77,Two year,No,Mailed check,No
CUST00787,17,97.64,1572.59,Two year,DSL,Bank transfer,No
CUST00788,9,85.62,795.32,Two year,DSL,Bank transfer,Yes
CUST00789,15,37.74,585.27,One year,Fiber optic,Electronic check,No
CUST00790,24,74.5,1767.53,One year,Fiber optic,Credit card,No
CUST00791,38,118.47,4552.16,One year,No,Mailed check,No
CUST00792,35,113.74,3924.53,One year,Fiber optic,Credit card,No
CUST00793,49,24.32,1248.08,One year,No,Mailed check,No
CUST00794,69,36.48,2524.84,Two year,DSL,Mailed check,No
CUST00795,62,33.17,2039.71,Month-to-month,DSL,Credit card,No
CUST00796,60,92.6,5555.01,Two year,No,Bank transfer,No
CUST00797,50,101.78,5083.64,Month-to-month,Fiber optic,Electronic check,Yes
CUST00798,9,41.35,433.16,One year,No,Mailed check,No
CUST00799,34,70.59,2346.23,Month-to-month,Fiber optic,Bank transfer,Yes
CUST00800,35,104.07,3604.32,Two year,DSL,Mailed check,No
CUST00801,1,93.28,145.1,Two year,Fiber optic,Electronic check,Yes
CUST00802,40,74.22,2939.02,Month-to-month,No,Mailed check,No
CUST00803,64,79.03,5102.95,One year,No,Electronic check,No
CUST00804,22,70.84,1643.45,One year,DSL,Electronic check,No
CUST00805,60,49.75,2964.91,Two year,Fiber optic,Mailed check,No
CUST00806,64,76.5,4930.07,Month-to-month,Fiber optic,Mailed check,Yes
CUST00807,11,88.89,920.11,One year,Fiber optic,Electronic check,Yes
CUST00808,14,107.33,1540.36,One year,DSL,Bank transfer,No
CUST00809,60,83.63,5027.77,Two year,Fiber optic,Credit card,No
CUST00810,30,96.11,2906.95,One year,No,Electronic check,No
CUST00811,35,36.01,1228.07,Month-to-month,Fiber optic,Mailed check,Yes
CUST00812,37,66.16,2364.87,Two year,DSL,Mailed check,No
CUST00813,5,20.93,129.81,Two year,Fiber optic,Bank transfer,Yes
CUST00814,26,44.67,1058.25,Month-to-month,Fiber optic,Credit card,Yes
CUST00815,62,92.65,5728.43,Two year,No,Electronic check,No
CUST00816,4,119.18,523.78,One year,Fiber optic,Electronic check,Yes
CUST00817,42,29.92,1266.23,One year,No,Credit card,No
CUST00818,18,60.15,1180.12,Month-to-month,No,Electronic check,No
CUST00819,40,100.01,4051.66,One year,DSL,Credit card,No
CUST00820,39,40.4,1542.91,Month-to-month,No,Mailed check,No
CUST00821,14,75.51,1058.51,Month-to-month,No,Credit card,No
CUST00822,32,93.31,2983.55,One year,DSL,Electronic check,No
CUST00823,51,81.6,4082.49,Month-to-month,No,Credit card,Yes
CUST00824,38,38.8,1427.38,One year,DSL,Bank transfer,No
CUST00825,23,55.54,1249.38,Two year,Fiber optic,Mailed check,No
CUST00826,63,98.38,6096.13,Two year,DSL,Mailed check,No
CUST00827,15,75.42,1133.67,Month-to-month,No,Credit card,No
CUST00828,25,20.52,500.55,One year,DSL,Electronic check,No
CUST00829,17,96.1,1550.06,One year,No,Bank transfer,No
CUST00830,66,23.53,1573.19,Two year,Fiber optic,Mailed check,No
CUST00831,53,94.57,5048.0,Two year,DSL,Mailed check,No
CUST00832,51,40.25,2064.1,One year,Fiber optic,Electronic check,No
CUST00833,39,115.81,4500.39,Month-to-month,No,Electronic check,Yes
CUST00834,51,56.79,2925.86,Two year,No,Bank transfer,No
CUST00835,70,52.69,3722.31,Month-to-month,Fiber optic,Credit card,Yes
CUST00836,6,34.89,224.71,Month-to-month,DSL,Electronic check,Yes
CUST00837,67,50.56,3346.29,Two year,DSL,Credit card,No
CUST00838,7,107.67,767.52,Month-to-month,No,Bank transfer,Yes
CUST00839,51,119.63,6160.9,Month-to-month,Fiber optic,Credit card,Yes
CUST00840,42,56.83,2357.03,One year,Fiber optic,Mailed check,No
CUST00841,64,64.86,4255.94,Month-to-month,DSL,Credit card,No
CUST00842,15,92.21,1356.87,One year,DSL,Bank transfer,No
CUST00843,29,108.62,3151.6,Two year,DSL,Bank transfer,No
CUST00844,33,79.3,2583.28,Two year,Fiber optic,Bank transfer,No
CUST00845,27,59.15,1608.21,One year,DSL,Credit card,No
CUST00846,36,61.26,2118.25,Two year,DSL,Mailed check,No
CUST00847,29,89.56,2569.94,Month-to-month,No,Electronic check,Yes
CUST00848,38,20.32,717.55,Month-to-month,DSL,Mailed check,No
CUST00849,57,81.96,4678.49,Month-to-month,DSL,Credit card,Yes
CUST00850,27,55.55,1549.57,Two year,Fiber optic,Credit card,No
CUST00851,55,99.42,5500.4,Month-to-month,Fiber optic,Electronic check,Yes
CUST00852,33,29.3,848.32,Two year,No,Credit card,No
CUST00853,68,78.82,5461.86,Month-to-month,DSL,Bank transfer,No
CUST00854,66,68.1,4509.36,One year,No,Bank transfer,No
CUST00855,10,84.23,803.48,Two year,Fiber optic,Bank transfer,Yes
CUST00856,5,26.49,140.31,Two year,No,Bank transfer,No
CUST00857,38,78.0,2972.81,Month-to-month,Fiber optic,Bank transfer,Yes
CUST00858,13,76.15,956.61,Two year,No,Credit card,No
CUST00859,31,76.07,2368.07,Two year,No,Electronic check,No
CUST00860,47,80.35,3746.08,One year,DSL,Electronic check,No
CUST00861,52,87.65,4537.58,One year,No,Bank transfer,No
CUST00862,56,100.5,5593.69,Month-to-month,DSL,Credit card,Yes
CUST00863,15,46.98,633.07,One year,DSL,Mailed check,No
CUST00864,29,102.5,2979.79,Month-to-month,DSL,Mailed check,Yes
CUST00865,8,69.83,587.9,Month-to-month,DSL,Credit card,Yes
CUST00866,5,27.71,164.29,Month-to-month,No,Bank transfer,Yes
CUST00867,29,25.86,790.94,Two year,Fiber optic,Electronic check,No
CUST00868,47,53.42,2526.96,One year,Fiber optic,Credit card,No
CUST00869,68,98.49,6670.68,Month-to-month,Fiber optic,Mailed check,Yes
CUST00870,45,90.77,4126.63,One year,No,Mailed check,No
CUST00871,2,98.86,129.84,Month-to-month,DSL,Mailed check,Yes
CUST00872,27,71.73,1891.68,One year,Fiber optic,Bank transfer,No
CUST00873,36,64.02,2256.51,One year,No,Mailed check,No
CUST00874,36,34.75,1305.0,Month-to-month,DSL,Credit card,No
CUST00875,26,52.82,1420.46,Two year,Fiber optic,Credit card,No
CUST00876,43,63.4,2750.57,One year,DSL,Mailed check,No
CUST00877,27,28.86,832.82,Two year,Fiber optic,Credit card,No
CUST00878,69,42.06,2858.18,Two year,Fiber optic,Mailed check,No
CUST00879,20,79.82,1613.83,Month-to-month,Fiber optic,Mailed check,Yes
CUST00880,11,93.57,1023.01,Month-to-month,DSL,Electronic check,Yes
CUST00881,38,119.83,4595.88,Month-to-month,No,Bank transfer,Yes
CUST00882,6,113.31,674.1,One year,DSL,Bank transfer,Yes
CUST00883,23,84.26,1918.73,Month-to-month,Fiber optic,Electronic check,Yes
CUST00884,47,62.12,2946.69,Month-to-month,DSL,Electronic check,No
CUST00885,46,83.62,3890.33,One year,No,Bank transfer,No
CUST00886,12,98.57,1149.42,One year,DSL,Mailed check,No
CUST00887,13,31.83,410.74,Month-to-month,No,Mailed check,No
CUST00888,62,60.99,3728.46,Month-to-month,No,Bank transfer,No
CUST00889,60,103.98,6113.9,Month-to-month,DSL,Mailed check,Yes
CUST00890,43,58.38,2520.36,Month-to-month,Fiber optic,Electronic check,Yes
CUST00891,68,77.19,5279.37,Two year,No,Mailed check,No
CUST00892,5,78.78,407.0,Two year,DSL,Mailed check,No
CUST00893,37,38.45,1325.17,Month-to-month,No,Credit card,No
CUST00894,31,56.22,1725.28,Two year,Fiber optic,Credit card,No
CUST00895,9,53.45,370.13,One year,DSL,Credit card,No
CUST00896,51,22.62,1222.11,Two year,DSL,Mailed check,No
CUST00897,29,22.42,595.88,Two year,DSL,Bank transfer,No
CUST00898,40,103.17,4189.57,Month-to-month,Fiber optic,Electronic check,Yes
CUST00899,41,47.31,1987.0,Two year,No,Mailed check,No
CUST00900,11,71.81,744.88,Two year,DSL,Bank transfer,No
CUST00901,23,49.87,1090.37,Two year,No,Mailed check,No
CUST00902,1,114.07,131.59,Two year,No,Electronic check,Yes
CUST00903,46,45.93,2070.56,One year,Fiber optic,Mailed check,No
CUST00904,21,62.97,1327.49,Month-to-month,DSL,Electronic check,No
CUST00905,36,107.27,3837.58,Month-to-month,No,Mailed check,Yes
CUST00906,54,104.19,5537.2,One year,DSL,Electronic check,No
CUST00907,57,38.61,2089.25,Two year,DSL,Mailed check,No
CUST00908,1,100.26,111.59,One year,Fiber optic,Electronic check,Yes
CUST00909,63,65.82,4118.58,Two year,DSL,Credit card,No
CUST00910,54,68.3,3660.55,One year,DSL,Mailed check,No
CUST00911,55,33.35,1869.04,Month-to-month,No,Mailed check,No
CUST00912,40,28.06,1181.07,Month-to-month,Fiber optic,Bank transfer,Yes
CUST00913,15,92.79,1378.22,Month-to-month,DSL,Bank transfer,Yes
CUST00914,21,69.65,1445.62,Two year,No,Electronic check,No
CUST00915,47,63.69,3018.44,Two year,Fiber optic,Mailed check,No
CUST00916,53,92.95,4858.5,One year,Fiber optic,Electronic check,No
CUST00917,9,96.55,880.11,One year,No,Credit card,Yes
CUST00918,52,35.89,1893.87,Month-to-month,No,Bank transfer,No
CUST00919,57,81.02,4652.15,Two year,No,Electronic check,No
CUST00920,26,33.54,775.2,One year,No,Electronic check,No
CUST00921,41,95.14,3862.67,Two year,No,Bank transfer,No
CUST00922,35,85.7,2955.59,Two year,DSL,Mailed check,No
CUST00923,63,115.66,7291.57,Month-to-month,DSL,Electronic check,Yes
CUST00924,25,26.9,696.54,Month-to-month,Fiber optic,Bank transfer,Yes
CUST00925,38,25.71,1051.82,Two year,DSL,Mailed check,No
CUST00926,2,48.22,71.69,Two year,DSL,Credit card,No
CUST00927,7,46.17,298.31,Two year,DSL,Bank transfer,No
CUST00928,34,44.7,1577.28,Two year,No,Electronic check,No
CUST00929,17,110.63,1895.54,Month-to-month,Fiber optic,Credit card,Yes
CUST00930,43,44.95,1996.23,One year,Fiber optic,Mailed check,No
CUST00931,59,47.19,2798.65,Month-to-month,Fiber optic,Mailed check,Yes
CUST00932,51,95.94,4835.08,One year,Fiber optic,Bank transfer,No
CUST00933,54,64.97,3441.72,Two year,DSL,Bank transfer,No
CUST00934,24,97.67,2266.5,One year,DSL,Bank transfer,No
CUST00935,25,26.54,696.6,Month-to-month,No,Mailed check,No
CUST00936,71,68.76,4941.39,Month-to-month,Fiber optic,Credit card,Yes
CUST00937,52,23.36,1307.19,Two year,DSL,Mailed check,No
CUST00938,70,26.27,1881.06,Month-to-month,DSL,Electronic check,No
CUST00939,33,110.64,3709.26,Two year,No,Mailed check,No
CUST00940,49,33.92,1633.08,Month-to-month,No,Electronic check,No
CUST00941,29,73.24,2066.14,Month-to-month,No,Credit card,No
CUST00942,63,61.11,3892.43,Two year,DSL,Bank transfer,No
CUST00943,22,54.73,1224.94,One year,DSL,Bank transfer,No
CUST00944,26,109.98,2864.85,Month-to-month,No,Mailed check,Yes
CUST00945,28,22.18,640.41,One year,Fiber optic,Bank transfer,No
CUST00946,49,86.38,4248.78,Month-to-month,No,Credit card,Yes
CUST00947,71,116.34,8324.33,Month-to-month,No,Bank transfer,Yes
CUST00948,49,76.02,3789.73,Month-to-month,No,Mailed check,No
CUST00949,20,113.68,2300.81,Month-to-month,No,Credit card,Yes
CUST00950,63,25.23,1631.78,One year,DSL,Electronic check,No
CUST00951,61,61.88,3800.38,One year,Fiber optic,Mailed check,No
CUST00952,49,46.02,2231.92,Month-to-month,No,Electronic check,No
CUST00953,71,93.08,6646.51,Month-to-month,Fiber optic,Credit card,Yes
CUST00954,1,118.13,48.41,One year,Fiber optic,Mailed check,Yes
CUST00955,13,45.65,646.14,Two year,Fiber optic,Mailed check,No
CUST00956,51,85.42,4296.69,Two year,No,Credit card,No
CUST00957,56,39.81,2243.65,One year,DSL,Bank transfer,No
CUST00958,62,76.53,4702.6,Month-to-month,No,Mailed check,No
CUST00959,32,66.39,2152.15,Month-to-month,Fiber optic,Mailed check,Yes
CUST00960,30,117.2,3514.3,Two year,Fiber optic,Electronic check,No
CUST00961,29,80.85,2264.91,Two year,DSL,Bank transfer,No
CUST00962,49,54.95,2713.58,One year,No,Electronic check,No
CUST00963,45,31.41,1384.55,Two year,Fiber optic,Electronic check,No
CUST00964,30,35.12,1097.66,One year,DSL,Bank transfer,No
CUST00965,16,42.53,680.55,Two year,Fiber optic,Bank transfer,No
CUST00966,40,45.1,1823.77,Two year,DSL,Credit card,No
CUST00967,19,105.06,1948.26,Two year,DSL,Bank transfer,No
CUST00968,18,76.12,1340.69,Month-to-month,No,Mailed check,No
CUST00969,1,72.34,49.41,Month-to-month,Fiber optic,Bank transfer,Yes
CUST00970,47,31.48,1522.4,Month-to-month,No,Credit card,No
CUST00971,66,106.01,7080.53,Two year,Fiber optic,Credit card,No
CUST00972,38,92.28,3466.38,One year,No,Credit card,No
CUST00973,51,26.77,1419.11,One year,Fiber optic,Bank transfer,No
CUST00974,63,90.78,5610.66,One year,No,Bank transfer,No
CUST00975,4,74.35,237.69,One year,DSL,Electronic check,No
CUST00976,1,28.17,0.0,Month-to-month,Fiber optic,Electronic check,Yes
CUST00977,8,65.83,459.01,Month-to-month,Fiber optic,Mailed check,Yes
CUST00978,29,68.47,1906.45,Two year,DSL,Electronic check,No
CUST00979,55,36.58,2032.55,Two year,No,Mailed check,No
CUST00980,3,114.57,333.01,One year,Fiber optic,Credit card,Yes
CUST00981,32,105.0,3378.97,Month-to-month,Fiber optic,Electronic check,Yes
CUST00982,10,86.9,903.52,One year,No,Bank transfer,Yes
CUST00983,34,66.23,2265.1,Two year,DSL,Electronic check,No
CUST00984,55,61.18,3397.79,Two year,No,Mailed check,No
CUST00985,32,85.1,2719.72,One year,No,Electronic check,No
CUST00986,50,74.54,3667.65,Two year,No,Credit card,No
CUST00987,7,26.23,236.5,One year,Fiber optic,Bank transfer,Yes
CUST00988,8,71.25,540.54,Month-to-month,DSL,Mailed check,Yes
CUST00989,65,100.64,6494.82,One year,DSL,Bank transfer,No
CUST00990,57,65.92,3748.54,Month-to-month,No,Bank transfer,No
CUST00991,67,25.2,1642.76,Month-to-month,Fiber optic,Mailed check,Yes
CUST00992,59,98.63,5798.3,Two year,No,Bank transfer,No
CUST00993,54,40.14,2184.76,Two year,Fiber optic,Bank transfer,No
CUST00994,67,45.86,3090.04,Two year,Fiber optic,Electronic check,No
CUST00995,51,36.47,1815.08,One year,Fiber optic,Bank transfer,No
CUST00996,8,53.02,399.77,One year,Fiber optic,Bank transfer,Yes
CUST00997,34,95.68,3306.84,Two year,DSL,Bank transfer,No
CUST00998,35,71.94,2542.72,One year,Fiber optic,Bank transfer,No
CUST00999,32,40.49,1399.43,Two year,Fiber optic,Mailed check,No
CUST01000,46,107.78,5016.89,One year,No,Credit card,No
CUST01001,16,107.96,1784.57,Month-to-month,No,Electronic check,Yes
CUST01002,68,107.06,7210.69,Month-to-month,DSL,Bank transfer,Yes
CUST01003,37,43.88,1661.75,Two year,No,Bank transfer,No
CUST01004,54,65.12,3513.82,One year,Fiber optic,Mailed check,No
CUST01005,14,118.5,1631.45,One year,No,Credit card,No
CUST01006,55,97.2,5354.4,Month-to-month,DSL,Bank transfer,Yes
CUST01007,48,22.72,1137.82,Month-to-month,No,Mailed check,No
CUST01008,7,26.52,210.68,Two year,No,Electronic check,No
CUST01009,7,66.39,420.81,Month-to-month,DSL,Electronic check,Yes
CUST01010,33,110.92,3697.48,Two year,DSL,Bank transfer,No
CUST01011,23,73.87,1667.13,Month-to-month,Fiber optic,Bank transfer,Yes
CUST01012,19,69.78,1336.65,Month-to-month,No,Credit card,No
CUST01013,19,30.55,565.28,One year,Fiber optic,Credit card,No
CUST01014,36,85.68,3073.54,Month-to-month,No,Bank transfer,Yes
CUST01015,29,102.21,3002.4,Month-to-month,No,Mailed check,Yes
CUST01016,60,58.04,3430.39,Two year,Fiber optic,Credit card,No
CUST01017,2,97.56,292.38,Month-to-month,No,Bank transfer,Yes
CUST01018,1,116.45,25.4,Two year,No,Credit card,Yes
CUST01019,47,40.38,1867.98,Month-to-month,No,Bank transfer,No
CUST01020,69,72.33,5009.28,Month-to-month,DSL,Electronic check,No
CUST01021,20,48.71,1003.42,Two year,Fiber optic,Bank transfer,No
CUST01022,11,99.29,1087.17,One year,DSL,Electronic check,Yes
CUST01023,2,77.76,152.65,Two year,Fiber optic,Credit card,Yes
CUST01024,67,83.46,5612.35,Two year,Fiber optic,Bank transfer,No
CUST01025,12,99.79,1185.93,Two year,No,Credit card,No
CUST01026,20,59.6,1261.66,One year,Fiber optic,Electronic check,No
CUST01027,5,111.51,599.52,Month-to-month,DSL,Bank transfer,Yes
CUST01028,37,73.3,2755.74,Two year,DSL,Credit card,No
CUST01029,38,35.8,1312.09,Two year,DSL,Electronic check,No
CUST01030,9,89.59,802.34,One year,Fiber optic,Credit card,Yes
CUST01031,53,99.33,5249.47,Two year,DSL,Mailed check,No
CUST01032,44,51.68,2223.64,Month-to-month,Fiber optic,Electronic check,Yes
CUST01033,24,105.72,2555.29,One year,DSL,Electronic check,No
CUST01034,30,110.61,3291.42,Month-to-month,DSL,Electronic check,Yes
CUST01035,59,47.69,2846.48,Month-to-month,Fiber optic,Bank transfer,Yes
CUST01036,14,118.35,1603.39,One year,DSL,Bank transfer,No
CUST01037,9,34.07,392.58,Two year,No,Bank transfer,No
CUST01038,40,40.2,1563.18,Month-to-month,Fiber optic,Mailed check,Yes
CUST01039,66,38.42,2546.69,Month-to-month,Fiber optic,Mailed check,Yes
CUST01040,25,109.4,2774.59,Month-to-month,Fiber optic,Electronic check,Yes
CUST01041,22,85.43,1850.93,Month-to-month,No,Mailed check,Yes
CUST01042,4,35.21,183.46,One year,Fiber optic,Credit card,Yes
CUST01043,26,64.03,1603.32,One year,DSL,Electronic check,No
CUST01044,58,81.53,4801.35,Month-to-month,DSL,Electronic check,Yes
CUST01045,29,28.35,822.86,Two year,DSL,Credit card,No
CUST01046,37,108.24,3975.06,Month-to-month,Fiber optic,Electronic check,Yes
CUST01047,70,100.36,7010.24,Two year,DSL,Mailed check,No
CUST01048,18,70.52,1309.81,Month-to-month,Fiber optic,Bank transfer,Yes
CUST01049,42,116.71,4872.6,Two year,DSL,Credit card,No
CUST01050,41,61.78,2495.51,Month-to-month,No,Mailed check,No
CUST01051,38,118.41,4488.5,Two year,No,Credit card,No
CUST01052,34,86.79,2892.01,Month-to-month,No,Credit card,Yes
CUST01053,17,83.47,1510.02,Month-to-month,No,Electronic check,Yes
CUST01054,37,36.6,1325.88,Two year,Fiber optic,Electronic check,No
CUST01055,25,108.19,2746.33,One year,DSL,Mailed check,No
CUST01056,27,62.75,1704.72,Two year,No,Credit card,No
CUST01057,57,36.22,2015.31,One year,Fiber optic,Electronic check,No
CUST01058,31,21.26,658.76,Month-to-month,No,Electronic check,No
CUST01059,6,75.98,495.08,Two year,No,Credit card,No
CUST01060,40,72.74,2900.19,Two year,Fiber optic,Mailed check,No
CUST01061,12,91.94,1162.94,Two year,Fiber optic,Mailed check,No
CUST01062,53,109.03,5829.67,One year,DSL,Credit card,No
CUST01063,71,27.94,2029.69,One year,DSL,Mailed check,No
CUST01064,10,93.15,908.52,Month-to-month,No,Electronic check,Yes
CUST01065,45,38.74,1689.31,One year,No,Credit card,No
CUST01066,17,105.82,1768.26,One year,DSL,Electronic check,No
CUST01067,26,101.91,2659.47,Month-to-month,DSL,Bank transfer,Yes
CUST01068,62,74.08,4620.25,Two year,Fiber optic,Bank transfer,No
CUST01069,46,91.02,4078.34,Two year,DSL,Mailed check,No
CUST01070,64,51.44,3291.75,Month-to-month,DSL,Bank transfer,No
CUST01071,2,67.12,142.14,Two year,No,Electronic check,No
CUST01072,54,102.16,5502.76,One year,DSL,Bank transfer,No
CUST01073,65,65.93,4350.01,Month-to-month,No,Electronic check,No
CUST01074,51,55.78,2865.87,Month-to-month,DSL,Mailed check,No
CUST01075,53,69.42,3744.77,Month-to-month,Fiber optic,Mailed check,Yes
CUST01076,36,102.82,3690.72,Two year,DSL,Electronic check,No
CUST01077,26,53.52,1438.39,Month-to-month,DSL,Bank transfer,No
CUST01078,29,37.38,1165.77,Month-to-month,DSL,Mailed check,No
CUST01079,21,91.2,1980.78,Month-to-month,No,Credit card,Yes
CUST01080,11,102.6,1073.99,Two year,Fiber optic,Mailed check,Yes
CUST01081,40,30.06,1189.72,One year,DSL,Bank transfer,No
CUST01082,11,43.99,466.63,Month-to-month,No,Credit card,Yes
CUST01083,36,34.2,1255.66,One year,Fiber optic,Bank transfer,No
CUST01084,59,54.79,3266.93,Two year,No,Electronic check,No
CUST01085,39,65.04,2494.62,Two year,No,Credit card,No
CUST01086,54,94.88,5126.91,Two year,Fiber optic,Bank transfer,No
CUST01087,55,85.11,4580.05,Two year,DSL,Credit card,No
CUST01088,24,82.09,2042.26,One year,No,Bank transfer,No
CUST01089,22,55.24,1189.66,Month-to-month,No,Credit card,No
CUST01090,69,104.14,7188.45,Two year,DSL,Bank transfer,No
CUST01091,56,67.13,3743.8,Two year,DSL,Electronic check,No
CUST01092,33,117.91,3948.33,One year,Fiber optic,Credit card,No
CUST01093,36,83.41,2860.88,One year,Fiber optic,Credit card,No
CUST01094,20,32.63,651.77,Two year,Fiber optic,Credit card,No
CUST01095,62,87.62,5427.15,Month-to-month,DSL,Credit card,Yes
CUST01096,26,52.51,1342.58,Month-to-month,No,Electronic check,No
CUST01097,66,88.63,5935.89,Two year,No,Credit card,No
CUST01098,40,26.96,1034.03,One year,Fiber optic,Mailed check,No
CUST01099,17,37.49,675.92,Two year,DSL,Electronic check,No
CUST01100,1,105.57,123.38,Two year,No,Mailed check,Yes
CUST01101,61,42.72,2669.0,One year,Fiber optic,Credit card,No
CUST01102,43,103.7,4425.74,Two year,No,Bank transfer,No
CUST01103,42,47.93,1976.41,Two year,No,Mailed check,No
CUST01104,25,84.29,2162.05,Two year,DSL,Credit card,No
CUST01105,39,89.42,3508.65,One year,DSL,Mailed check,No
CUST01106,35,71.27,2417.2,Month-to-month,No,Credit card,No
CUST01107,3,50.53,124.62,Month-to-month,Fiber optic,Credit card,Yes
CUST01108,44,41.26,1834.76,One year,DSL,Credit card,No
CUST01109,51,23.32,1231.21,Month-to-month,No,Bank transfer,No
CUST01110,12,50.39,570.72,Two year,DSL,Mailed check,No
CUST01111,19,85.32,1475.37,Month-to-month,DSL,Electronic check,Yes
CUST01112,44,113.83,5034.68,Two year,DSL,Electronic check,No
CUST01113,59,107.12,6259.06,Month-to-month,No,Electronic check,Yes
CUST01114,49,96.61,4633.02,One year,Fiber optic,Electronic check,No
CUST01115,61,98.84,5887.62,Month-to-month,Fiber optic,Credit card,Yes
CUST01116,17,86.5,1511.2,Month-to-month,Fiber optic,Mailed check,Yes
CUST01117,57,46.03,2630.14,Month-to-month,DSL,Mailed check,No
CUST01118,55,110.72,6078.32,One year,No,Bank transfer,No
CUST01119,47,87.07,4161.74,Month-to-month,DSL,Mailed check,Yes
CUST01120,12,76.04,944.35,One year,Fiber optic,Mailed check,No
CUST01121,62,31.1,2009.02,Two year,Fiber optic,Mailed check,No
CUST01122,8,64.71,448.04,Month-to-month,No,Bank transfer,Yes
CUST01123,21,66.04,1385.11,One year,DSL,Electronic check,No
CUST01124,70,106.46,7371.36,One year,Fiber optic,Mailed check,No
CUST01125,25,74.66,1855.03,Month-to-month,No,Bank transfer,No
CUST01126,12,58.04,684.05,Two year,DSL,Bank transfer,No
CUST01127,15,117.68,1796.53,One year,DSL,Credit card,No
CUST01128,59,31.07,1835.41,Month-to-month,Fiber optic,Bank transfer,Yes
CUST01129,26,62.25,1649.67,Two year,Fiber optic,Electronic check,No
CUST01130,26,24.2,664.37,One year,DSL,Mailed check,No
CUST01131,47,93.99,4525.28,One year,DSL,Bank transfer,No
CUST01132,32,111.81,3562.16,Two year,Fiber optic,Electronic check,No
CUST01133,10,48.0,432.95,Two year,DSL,Bank transfer,No
CUST01134,16,105.83,1705.58,Month-to-month,Fiber optic,Bank transfer,Yes
CUST01135,71,49.22,3454.51,Month-to-month,DSL,Bank transfer,No
CUST01136,17,111.08,1962.46,One year,Fiber optic,Bank transfer,No
CUST01137,23,95.4,2180.04,Two year,No,Bank transfer,No
CUST01138,26,100.49,2584.46,Two year,Fiber optic,Electronic check,No
CUST01139,7,21.8,129.03,Two year,Fiber optic,Mailed check,Yes
CUST01140,14,116.28,1663.84,One year,No,Mailed check,No
CUST01141,7,92.67,640.8,Two year,DSL,Mailed check,Yes
CUST01142,9,50.48,422.24,Two year,No,Mailed check,No
CUST01143,48,102.94,5024.39,One year,Fiber optic,Electronic check,No
CUST01144,59,48.15,2798.04,Month-to-month,DSL,Credit card,No
CUST01145,39,107.28,4185.7,Month-to-month,No,Credit card,Yes
CUST01146,18,31.26,595.3,One year,DSL,Electronic check,No
CUST01147,59,90.37,5250.26,Two year,DSL,Electronic check,No
CUST01148,17,74.07,1283.2,One year,No,Bank transfer,No
CUST01149,14,29.65,362.34,Month-to-month,DSL,Bank transfer,No
CUST01150,31,44.19,1411.03,Month-to-month,No,Bank transfer,No
CUST01151,24,21.24,461.63,One year,Fiber optic,Mailed check,No
CUST01152,60,66.88,4047.44,One year,DSL,Bank transfer,No
CUST01153,45,50.13,2311.14,Month-to-month,Fiber optic,Credit card,Yes
CUST01154,3,79.84,282.59,One year,Fiber optic,Mailed check,Yes
CUST01155,37,49.72,1852.21,Month-to-month,DSL,Bank transfer,No
CUST01156,43,49.99,2138.0,One year,No,Mailed check,No
CUST01157,40,94.32,3743.98,One year,DSL,Credit card,No
CUST01158,55,24.81,1438.1,One year,Fiber optic,Bank transfer,No
CUST01159,39,110.29,4266.34,Month-to-month,Fiber optic,Credit card,Yes
CUST01160,15,105.23,1526.6,One year,No,Credit card,No
CUST01161,4,86.78,380.39,Month-to-month,DSL,Credit card,Yes
CUST01162,25,79.32,1943.19,Month-to-month,Fiber optic,Bank transfer,Yes
CUST01163,13,109.23,1372.49,One year,Fiber optic,Electronic check,No
CUST01164,33,38.53,1199.31,One year,Fiber optic,Bank transfer,No
CUST01165,16,27.9,422.25,Month-to-month,No,Credit card,No
CUST01166,42,43.95,1841.76,Month-to-month,Fiber optic,Bank transfer,Yes
CUST01167,66,99.46,6576.51,Two year,Fiber optic,Credit card,No
CUST01168,55,23.47,1338.42,Month-to-month,DSL,Electronic check,No
CUST01169,42,78.28,3314.1,Two year,DSL,Mailed check,No
CUST01170,34,119.54,4054.82,Two year,Fiber optic,Electronic check,No
CUST01171,30,105.57,3157.19,Two year,Fiber optic,Electronic check,No
CUST01172,13,72.14,963.33,One year,DSL,Mailed check,No
CUST01173,13,26.36,406.31,One year,No,Bank transfer,No
CUST01174,18,103.14,1862.84,Month-to-month,No,Mailed check,Yes
CUST01175,32,79.9,2533.34,Two year,No,Bank transfer,No
CUST01176,39,31.49,1178.47,One year,No,Bank transfer,No
CUST01177,46,29.39,1279.68,One year,No,Credit card,No
CUST01178,29,110.96,3251.15,One year,No,Credit card,No
CUST01179,62,86.92,5417.94,One year,No,Mailed check,No
CUST01180,62,102.93,6410.53,One year,No,Electronic check,No
CUST01181,57,107.9,6143.87,Two year,DSL,Mailed check,No
CUST01182,16,77.18,1305.23,Two year,No,Bank transfer,No
CUST01183,56,71.74,3993.23,Two year,No,Credit card,No
CUST01184,10,63.04,678.16,Two year,No,Mailed check,No
CUST01185,30,51.69,1548.76,Month-to-month,Fiber optic,Mailed check,Yes
CUST01186,25,63.46,1556.08,Two year,DSL,Credit card,No
CUST01187,5,97.39,516.58,One year,DSL,Credit card,Yes
CUST01188,65,80.19,5232.83,Two year,DSL,Credit card,No
CUST01189,49,109.25,5371.1,Month-to-month,No,Bank transfer,Yes
CUST01190,3,64.34,197.08,One year,No,Credit card,No
CUST01191,45,80.71,3630.06,Two year,Fiber optic,Electronic check,No
CUST01192,14,83.13,1283.24,Two year,DSL,Mailed check,No
CUST01193,30,79.17,2434.31,Two year,No,Credit card,No
CUST01194,68,90.26,6173.82,One year,DSL,Credit card,No
CUST01195,18,43.74,792.91,One year,Fiber optic,Bank transfer,No
CUST01196,62,71.24,4467.24,Month-to-month,Fiber optic,Bank transfer,Yes
CUST01197,37,30.42,1151.44,One year,Fiber optic,Mailed check,No
CUST01198,25,58.45,1462.56,One year,DSL,Electronic check,No
CUST01199,48,68.77,3285.78,Two year,No,Mailed check,No
